date,spread_med,spread_mean,depth_med,rv_med,asset,spread_ratio,depth_ratio
2025-10-03,0.08869251675974815,0.10013414365249436,1871689.9844847678,1.8886649490997323,BTC,1.002252344594215,1.0252121212811252
2025-10-04,0.08338350379468001,0.08629703498854961,1709437.0021308633,1.0577154263278892,BTC,0.9422588875798633,0.9363385761950644
2025-10-05,0.08706988107704222,0.0977416764578047,1728928.3898236365,1.9952593568001906,BTC,0.9839160691469914,0.9470149206158108
2025-10-06,0.08957989432080876,0.09650059261615507,1858069.8902435675,2.4682320661927917,BTC,1.0122799802235258,1.017751758814681
2025-10-07,0.09117766716054806,0.10157120347994988,1839432.920166095,2.444423717324671,BTC,1.0303352980029898,1.0075434188728298
2025-10-08,0.09204931460478993,0.09815947167030659,1830853.8480877872,2.57799064726212,BTC,1.0401851785404586,1.0028442599539202
2025-10-09,0.09172099698094313,0.10156617611728477,1909286.009834954,2.3981147682111663,BTC,1.0364750897946018,1.0458052222863718
2025-10-10,0.09780737325643772,0.34186397860373585,1795044.9256100908,3.011510916019506,BTC,1.105252988032861,0.9832300387535774
2025-10-11,0.11465652169134843,0.13118655400478602,1395895.5140740913,4.30328423583709,BTC,1.2956534765999999,0.7645972425634638
2025-10-12,0.1100403204067753,0.12914403037433553,1508565.0600858182,4.0371139240411775,BTC,1.2434890017422748,0.8263116211346891
2025-10-13,0.10676395296270472,0.11769782507662359,1696442.2715351786,3.609862663529229,BTC,1.2064650557258711,0.9292207546381221
2025-10-14,0.1162602866420444,0.13367142470107524,1782640.8232139908,4.396761943226997,BTC,1.3137765070510035,0.9764357318782351
2025-10-15,0.10831709819079856,0.12013731593450587,1733722.2454024223,3.469331738733339,BTC,1.224016067955787,0.9496407394681755
2025-10-16,0.10241436312195307,0.11830128507902646,1709831.0285971817,2.741413403427246,BTC,1.1573133710609145,0.9365544029146193
2025-10-23,0.10288542136242186,0.11236840644105227,1600267.3190096903,2.7675162513911338,BTC,1.1626364720755036,0.8765412361761427
2025-10-24,0.0996522867356514,0.11017856151929624,1360811.4371800171,2.346343403300773,BTC,1.1261010700094292,0.7453800531817163
2025-10-25,0.09140872752063714,0.09492501964210145,1130729.2543293638,1.0976035298302504,BTC,1.032946350165027,0.6193532834150111
2025-10-26,0.09269317064417659,0.10229328395414886,1187033.6186194317,1.519731700670928,BTC,1.0474609471016827,0.650193816425127
2025-10-27,0.09709282209038407,0.10346305307102184,1361058.061511409,2.572682603186542,BTC,1.0971783430946667,0.7455151408597195
2025-10-28,0.09796834679353501,0.10963110911132422,1467531.735584018,2.5023241909713008,BTC,1.107072037833989,0.8038357506623216
2025-10-29,0.10036750669260934,0.1248255134248386,1465919.7416564263,2.6656477506100797,BTC,1.134183272487722,0.8029527862143105
2025-10-30,0.11190447347807747,0.1261346130720296,1399807.5911432388,3.886053347185248,BTC,1.2645544969458458,0.7667400700957595
2025-10-31,0.1069481465648323,0.11541583333312616,1419486.803100762,3.4069526370603684,BTC,1.2085464993057358,0.7775192946486263
2025-11-01,0.09273631429648957,0.09616218804016079,1231939.527577523,1.1638976268970869,BTC,1.0479484834606088,0.6747908824791268
2025-11-02,0.0949974624776825,0.09968484708277456,1341950.5606502856,1.644296910873632,BTC,1.0735001438359073,0.7350490692065094
2025-11-03,0.11775549491092349,0.13679872851433786,1452948.4833575455,4.485268334730466,BTC,1.330672814066398,0.7958478215318491
2025-11-04,0.14108525845695846,0.1662083942541793,1388228.15162138,6.237013069701006,BTC,1.5943062193082473,0.7603974696363573
2025-11-05,0.12464563781909678,0.13659801491310353,1225106.6225867888,4.974459309415983,BTC,1.4085335190795623,0.6710481809216403
2025-11-06,0.1178845181784911,0.13004426414664533,1539163.9681961215,4.390954127307296,BTC,1.3321308161296062,0.8430720738553281
2025-11-07,0.12106597048053067,0.13339941780627074,1489407.331969091,4.609022756392345,BTC,1.3680821922481936,0.8158180376650509
2025-11-08,0.10482324528735287,0.11153109314371906,1376988.5829573572,2.4123848399042496,BTC,1.1845344702734113,0.7542410323375279
2025-11-09,0.10884626752007502,0.11918007780627228,1127623.0344199091,3.173707945231851,BTC,1.2299958419021204,0.6176518615294767
2025-11-10,0.1111468034942115,0.12183722865926934,1185244.251245515,3.644430268867419,BTC,1.2559925962861165,0.6492136962469076
2025-11-11,0.11692655375194903,0.1256736151981535,1206133.0980403603,4.070348544222917,BTC,1.3213055275075634,0.6606554943604744
2025-11-12,0.11211551745108005,0.12650748676253892,1123340.4465671817,3.7338362306710975,BTC,1.266939357861759,0.6153060879166121
2025-11-13,0.12643695654413678,0.14718605176142838,1208204.2391249086,4.830586789836483,BTC,1.4287759640757973,0.6617899551752268
2025-11-14,0.15714132445196452,0.18087015037280496,1226546.5814076993,7.64854510646903,BTC,1.775744635719918,0.6718369136976772
2025-11-15,0.11683241672262426,0.12469641052433647,1179516.3590214036,3.3030236144599425,BTC,1.320241750519371,0.6460762618500636
2025-11-16,0.12301379721643356,0.14375644422889333,1101562.6775178106,3.819651867802274,BTC,1.390093225244474,0.6033773855198729
2025-11-17,0.12235723181166665,0.13217114232927113,1127720.1066232203,4.058367136196715,BTC,1.382673836999019,0.6177050325141479
2025-11-26,0.13280892148984072,0.142108796791755,1197137.4971827273,3.5872591782361907,BTC,1.5007811009218213,0.6557281831530093
2025-11-27,0.1208991817506577,0.1272244949443976,1246192.7599699707,2.8192977093202414,BTC,1.3661974290046395,0.6825980443153838
2025-11-28,0.12299528165573698,0.13320536143444303,1267752.11456485,2.9170342640887608,BTC,1.3898839937918375,0.69440711090274
2025-11-29,0.11501395501948068,0.1195511445576892,1096299.0626568182,1.6437253320234266,BTC,1.299692581636641,0.6004942575435641
2025-11-30,0.11436901029072674,0.12014596935207032,1175034.980932824,1.7605730807180864,BTC,1.2924045105553084,0.6436216015299573
2025-12-01,0.15202899158477548,0.17308701038520366,1223591.6747600918,5.2768474896125275,BTC,1.7179737234752486,0.6702183731607863
2025-12-02,0.1365908058502326,0.15069728303178798,1299149.2038456309,4.202650073805124,BTC,1.5435175414431161,0.7116047647719319
2025-12-03,0.13578108041342002,0.14901133446962606,1381906.7593211175,4.570650275002168,BTC,1.5343673983738728,0.7569349474968343
2025-12-04,0.12619005125227284,0.13539652393897583,1462689.9427461927,3.6811865723543606,BTC,1.4259858593780845,0.801183674331723
2025-12-05,0.124575850209554,0.14019339290217772,1506596.346646152,3.125537762132459,BTC,1.4077448979213947,0.825233264730367
2025-12-06,0.1168373060514846,0.12143924876209207,1199042.2175972415,1.6835607988183652,BTC,1.3202970014186892,0.6567714875852596
2025-12-07,0.12096154079778881,0.1357832931700145,1373270.5783861154,2.4047170370911077,BTC,1.366902105154073,0.752204507386808
2025-12-08,0.1269988462462634,0.13626504894028957,1565786.5560562299,3.5277711984848055,BTC,1.435125488161186,0.8576545100495188
2025-12-09,0.12485828256101643,0.13798048935833912,1550285.128789702,3.4319089279959707,BTC,1.4109364691698378,0.849163653517433
2025-12-10,0.12296123884583116,0.14092073325276155,1482380.5565459926,3.261144690103323,BTC,1.3894992997128872,0.8119691442067339
2025-12-11,0.1316891101690556,0.14389893217985525,1520351.059224144,3.976514287030417,BTC,1.4881268932979668,0.8327673639543778
2025-12-12,0.12010380148539662,0.1345927065272419,1397984.1498164209,2.6308222278836886,BTC,1.3572093907255898,0.7657412860203009
2025-12-13,0.11112716289817728,0.11428882303579299,1266447.1463999543,0.7005218053296898,BTC,1.255770651592881,0.6936923188209171
2025-12-14,0.11674935062600164,0.12463546860447702,1455993.587688191,1.7679725240098378,BTC,1.3193030784291222,0.7975157675572176
2025-12-15,0.1288483167781464,0.14517873116409294,1658871.268365787,3.453621663903639,BTC,1.4560250662153167,0.9086413594512879
2025-10-03,0.23974247251454345,0.25186517999590274,1384505.872862558,3.573875795993488,ETH,1.008046052196361,0.9885380823769497
2025-10-04,0.22956261069953307,0.23330218945376058,1249271.7607899765,2.0820555225521744,ETH,0.9652427499408411,0.891980839507493
2025-10-05,0.23423781457813525,0.24317033941424396,1342073.6424728772,3.0841699818263697,ETH,0.9849005968113081,0.9582414426280217
2025-10-06,0.23652555930833752,0.24373369870560246,1425991.802738447,4.0176211168852,ETH,0.9945198854568505,1.0181590629513002
2025-10-07,0.2368484654499955,0.2516312050201261,1456813.5403333637,4.195932269241354,ETH,0.9958776100932666,1.0401658033883117
2025-10-08,0.24373122119561763,0.2505362247114419,1442532.9118578471,4.200687476863491,ETH,1.024817558383761,1.0299694254855318
2025-10-09,0.24900284642158452,0.2599296489576678,1464448.648811487,4.267279463632526,ETH,1.0469831802777805,1.0456172757450874
2025-10-10,0.26436386319965144,0.6775060665881382,1441229.9007991152,5.684820648061995,ETH,1.1115717037815291,1.0290390747527816
2025-10-11,0.3355496480864856,0.3536567575956188,1201123.0160432935,9.553128572404844,ETH,1.4108868342005643,0.8576026048364233
2025-10-12,0.3087722552104872,0.33636513414893376,1257799.614374091,7.90032619054709,ETH,1.298295832307382,0.8980697324432825
2025-10-13,0.289602533250006,0.3056503152937557,1319074.3526278182,7.642069769243892,ETH,1.2176928321744263,0.9418199349081168
2025-10-14,0.3094778431515956,0.3360759440253506,1212081.5833697189,8.70412852460381,ETH,1.301262620507452,0.8654270289452682
2025-10-15,0.2921105224304521,0.30746113908516803,1182977.5304325933,6.965281353873795,ETH,1.2282381834665153,0.8446467164570456
2025-10-16,0.28394268981537235,0.29756293962723296,1239138.1110245946,5.468850384011837,ETH,1.1938948677566452,0.8847454070670091
2025-10-23,0.27905208901682976,0.2892153708052943,1262819.7001083638,4.161689288252486,ETH,1.1733313406680517,0.9016540768815372
2025-10-24,0.2719181035347417,0.28494887371316596,1082346.805556171,3.8798691616505314,ETH,1.1433350457845541,0.772796314268527
2025-10-25,0.25779116959744686,0.26181859864374296,965365.0594629091,1.9028138132907666,ETH,1.0839354749210102,0.6892712724302824
2025-10-26,0.25894024824879835,0.2710054606287827,1028400.485834101,2.7905963540627443,ETH,1.0887670101346454,0.7342786073417301
2025-10-27,0.263088731610299,0.2721910601040172,1102132.3939166972,4.789078869933477,ETH,1.1062101533178348,0.7869232370645821
2025-10-28,0.267985772257595,0.2832640766378002,1140581.8035282274,4.535698769999468,ETH,1.1268007580620667,0.8143761402200757
2025-10-29,0.27149222539134776,0.30538757476235473,1131761.4951205906,4.37617402121435,ETH,1.141544354395322,0.8080784343524717
2025-10-30,0.29843742686614966,0.31574021818754017,1063353.1511049396,6.274533174843847,ETH,1.2548409417184627,0.7592348327923016
2025-10-31,0.28783122960575847,0.2970921589823321,1111165.7802364866,5.017664997083341,ETH,1.210245025254372,0.7933730806983051
2025-11-01,0.26482634328136717,0.2694093695051817,1053805.5467688597,2.126674746223869,ETH,1.113516295474871,0.7524178371647077
2025-11-02,0.26840525668685866,0.273739963897029,1059212.7952086364,2.935495546721976,ETH,1.1285645657780792,0.7562786160233346
2025-11-03,0.3169214512152811,0.3429338261258011,1129944.6938804386,7.24730778780785,ETH,1.3325607865937301,0.8067812371002228
2025-11-04,0.36400035391691443,0.4090328088341804,1173656.6303043636,10.59276410097316,ETH,1.5305136212014534,0.8379915877794499
2025-11-05,0.34745033589031094,0.3642133549706901,1017475.471309266,8.336282052616513,ETH,1.4609256997934759,0.726478139954769
2025-11-06,0.3398254760563866,0.35694106393851005,1200066.3305589997,7.290774813876387,ETH,1.4288654237250717,0.8568481307220162
2025-11-07,0.3484436698430863,0.3670540221587988,1164831.6907478261,7.893333219368864,ETH,1.4651023747026206,0.8316905752685567
2025-11-08,0.3158720964861097,0.32483003333306304,1077805.0669272272,5.468042650055988,ETH,1.3281485609209067,0.7695535099706797
2025-11-09,0.3157368498336047,0.32852266197008856,812500.1721247376,5.524673562916625,ETH,1.3275798888258021,0.5801256446984124
2025-11-10,0.30997930408085295,0.3227526182266987,839471.3376444068,5.884592672608142,ETH,1.3033711151132124,0.5993830742007948
2025-11-11,0.3308363438355469,0.3418982284619254,692410.3438105825,7.3003458192536375,ETH,1.3910687865549982,0.49438143015838726
2025-11-12,0.32300489189578396,0.3441081776538134,651308.445629271,6.287183111681355,ETH,1.3581398519025676,0.4650346484605968
2025-11-13,0.33936726482135604,0.3746312407397765,865536.2852126852,8.176873503335605,ETH,1.4269387812670211,0.6179934635038957
2025-11-14,0.39828289771928527,0.4195970424283345,823978.3276075434,12.133702843422622,ETH,1.6746615586810436,0.5883210550846013
2025-11-15,0.3372988513167773,0.3446983136966214,783205.9472516667,4.778222334126887,ETH,1.4182417154291198,0.5592095493257933
2025-11-16,0.35403327675197266,0.38244340985436,762051.5409280645,6.344463035667876,ETH,1.4886050153433632,0.5441052896250238
2025-11-17,0.34195153215134805,0.3582531853827392,862908.3602398762,5.8870592306863365,ETH,1.4378048595738613,0.6161171233856122
2025-11-26,0.3642685031059514,0.3752259896466744,720541.6232002181,5.070552117189979,ETH,1.5316411090786461,0.5144671817089703
2025-11-27,0.34777540885870084,0.3533228217212826,641558.3774550571,3.7390369934471805,ETH,1.4622925352941873,0.45807309352254943
2025-11-28,0.3480362554028111,0.3587156495805048,691824.4127391204,4.005230152639694,ETH,1.463389317713512,0.4939630749970685
2025-11-29,0.3422078091046596,0.34908472243956146,640085.1642716513,2.508458014899831,ETH,1.4388824282180193,0.45702121836347526
2025-11-30,0.34190217238818926,0.3470911799835303,682104.4576425857,2.6078289742288567,ETH,1.437597316396936,0.48702302081582316
2025-12-01,0.39649945683198484,0.4194867464995211,769892.223002973,6.682517148464005,ETH,1.6671627182506743,0.549703541661927
2025-12-02,0.3796636173997999,0.3926136340842318,750724.6780463199,5.101772265356817,ETH,1.596373002531878,0.5360179022531553
2025-12-03,0.36024516622636593,0.37536394954203556,766604.3728210551,5.686444076624982,ETH,1.5147241697662925,0.5473560145205247
2025-12-04,0.3430739547158309,0.3565840140793881,824220.784530367,5.101695402301767,ETH,1.4425243138414168,0.5884941694832073
2025-12-05,0.35136034864954857,0.36864515460381214,829606.7680142203,4.804820600705607,ETH,1.4773661447619735,0.5923397651496483
2025-12-06,0.3410824866194959,0.34602677368496343,697386.7400835396,2.692909326824651,ETH,1.4341507806433569,0.4979345802932045
2025-12-07,0.3418976964401298,0.3677617775371982,719623.3295938065,3.3011842482696627,ETH,1.4375784963617382,0.5138115194842489
2025-12-08,0.3509966595789452,0.3644071792769145,814517.4104072222,5.411911480973989,ETH,1.4758369399948605,0.5815659541276109
2025-12-09,0.34537941432110464,0.3636370878240961,865385.079047842,5.438524788585484,ETH,1.4522180882870497,0.6178855022050904
2025-12-10,0.33128183168195674,0.3554574355039112,869261.8340249091,5.409888632231375,ETH,1.3929419309343183,0.620653507748434
2025-12-11,0.34834584123352574,0.3641146560932819,896021.5730927682,6.113753112014493,ETH,1.4646910343897215,0.6397599786284422
2025-12-12,0.3358781551910026,0.35507974808208054,873682.4339321376,4.1259355415476815,ETH,1.4122681092260265,0.6238098189211791
2025-12-13,0.3274028845136221,0.3326072389953048,758682.5203089545,1.8370900271422244,ETH,1.3766321075696626,0.5416998067393373
2025-12-14,0.3352694310673294,0.3473379373088052,817672.9715290561,3.113197717619803,ETH,1.4097086046738732,0.5838190267951551
2025-12-15,0.35643142623312807,0.37956650170905254,935136.4919803106,5.4981521184058195,ETH,1.4986885232495761,0.6676880558344099
2025-10-03,0.463591822431378,0.4821007963168868,438798.44217106234,5.46885268102529,SOL,0.9922623670291738,0.9868332198401811
2025-10-04,0.4541626435744203,0.46037528795590704,347356.0502528399,4.190076453409434,SOL,0.9720803472457442,0.7811843811613775
2025-10-05,0.4600842330239524,0.4712351598962628,395340.33262340276,5.830831664016765,SOL,0.9847547950670006,0.8890983556029798
2025-10-06,0.4593319250732825,0.4670045170743201,462386.57385253964,5.685796398551979,SOL,0.9831445706589179,1.0398816122229688
2025-10-07,0.47136319470516386,0.4880653754927352,461502.1539004587,5.934192196924947,SOL,1.0088960518232861,1.037892601084541
2025-10-08,0.4816090921372692,0.4910884585500708,480473.61675733945,5.854067120555053,SOL,1.0308261591858332,1.0805583628030742
2025-10-09,0.48470253984347655,0.4948606915979611,536692.0154451709,6.184025675203039,SOL,1.0374473107996467,1.206990405535222
2025-10-10,0.5044634632323763,1.5373292511344965,505177.851328005,7.137955990686212,SOL,1.0797431833060138,1.1361168083263449
2025-10-11,0.6664031563206834,0.7003263435081024,384388.3941986364,14.137658598517314,SOL,1.426355559549054,0.864468056995424
2025-10-12,0.6362454357188279,0.6704368020696867,397296.63936545455,11.534336198263158,SOL,1.3618065969041593,0.8934979803411675
2025-10-13,0.5856869333472509,0.6075456896159618,455694.4373783784,10.575295269067745,SOL,1.2535922220828757,1.024831370586441
2025-10-14,0.6070789136962433,0.6452561696281645,417933.28665814816,12.338298382810992,SOL,1.299379175237501,0.9399086489702413
2025-10-15,0.5784206147294638,0.5969339802907412,409891.7940347338,10.038137313186063,SOL,1.2380395437084837,0.9218237806224375
2025-10-16,0.5811978316834099,0.6132780569517061,411728.9950675926,8.194928398058414,SOL,1.2439838415479563,0.9259555432644822
2025-10-23,0.5656933386390806,0.5769098118035919,411459.66322522936,5.781820027880814,SOL,1.2107983446876642,0.9253498309745984
2025-10-24,0.5428087267197312,0.5605773889787261,375983.38774545456,4.656624974468906,SOL,1.1618165937315226,0.845565666321627
2025-10-25,0.5275872329740334,0.5329417358374735,314770.8048809091,3.1530515792915863,SOL,1.129236822728203,0.7079019819564846
2025-10-26,0.5263547453384325,0.5370956671835475,344017.3457507604,3.803299561892933,SOL,1.126598831634612,0.7736758209723748
2025-10-27,0.5304785144057098,0.54026991676215,389116.5662441769,6.189929131020156,SOL,1.1354252618212317,0.8751014521838236
2025-10-28,0.5417131437958483,0.564695627536472,413865.1350946194,6.547045185021715,SOL,1.159471630656835,0.9307596030293036
2025-10-29,0.5448047012605284,0.5889844497712436,399649.5633574979,5.989747440725546,SOL,1.1660887364367027,0.8987895751508915
2025-10-30,0.5921748111790938,0.6161050709690391,400653.1333299583,8.834772809394853,SOL,1.2674787418680116,0.9010465480388489
2025-10-31,0.5746465932267809,0.5847956761373432,408197.9445981481,6.233467233092732,SOL,1.2299617059894512,0.9180144077241201
2025-11-01,0.5512368014115032,0.5562374928806246,327435.3033376147,3.46507227299798,SOL,1.1798558708251004,0.7363837325476128
2025-11-02,0.5569554373419587,0.5635928609247918,349496.3817529795,4.14798049995477,SOL,1.1920959211235973,0.7859978673154251
2025-11-03,0.6392486994244011,0.710179650422086,418939.80368073395,9.175085216113319,SOL,1.3682347205446406,0.9421722496095414
2025-11-04,0.7486811713937018,0.7997300304121524,374093.51395727275,13.704072705654855,SOL,1.602461724585863,0.8413154455909984
2025-11-05,0.7026218688507623,0.7229780149256169,369726.9302777778,9.734222336416629,SOL,1.5038773442029776,0.8314952424680854
2025-11-06,0.6915042721991113,0.7082393366069094,355092.0730854545,8.76283047928983,SOL,1.4800814698249825,0.7985822649890737
2025-11-07,0.7067114710140291,0.7228198616959645,349854.86964050634,9.940838536084241,SOL,1.512630644253544,0.786804086577671
2025-11-08,0.6573891643024744,0.6680684436522246,294860.40621849126,5.934326705465185,SOL,1.4070621971047799,0.6631246059860483
2025-11-09,0.6594935494419762,0.6707320413843051,291849.3786448672,6.685673891955145,SOL,1.4115663796175597,0.6563529729310051
2025-11-10,0.6445241304238438,0.6549072327417649,346279.5860263566,7.356735671874251,SOL,1.3795261441576638,0.7787634731622347
2025-11-11,0.6679509193596533,0.6778378803544316,369574.84615913976,7.710326361423481,SOL,1.4296683596079376,0.831153213768668
2025-11-12,0.6844595823636374,0.7075316103637863,346918.9280207143,7.196669758577988,SOL,1.465003161121277,0.7802013176444289
2025-11-13,0.7087432034601482,0.7408560818910954,361751.297025974,8.396073088984606,SOL,1.5169793224411419,0.8135584881733342
2025-11-14,0.7933243286539696,0.818888277800629,379671.2142576271,12.307100984802233,SOL,1.6980150168385235,0.8538593824369647
2025-11-15,0.7404928392804035,0.7498458451116412,326796.862844969,5.968749725148991,SOL,1.5849355875583595,0.7349479154924823
2025-11-16,0.760282781211263,0.7860623279024525,329997.2694506666,7.322385691483433,SOL,1.6272935707529212,0.7421454514269129
2025-11-17,0.7434570236720528,0.7621941873621866,318006.38708623854,6.879718059588999,SOL,1.5912800666420135,0.7151786258523581
2025-11-26,0.7541094944700655,0.7671246135374623,367715.7385887542,5.883105904885598,SOL,1.6140803952442502,0.8269721845456937
2025-11-27,0.7258545393264453,0.7304239035476979,338382.17591967055,4.43635471137483,SOL,1.5536040725082905,0.7610026383574904
2025-11-28,0.7429940535221988,0.753145781233989,364043.8185705546,4.806394616812674,SOL,1.590289134890136,0.8187142412480215
2025-11-29,0.7434930220020631,0.7482908731948046,309273.99268545455,3.0003166074519827,SOL,1.5913571167244713,0.695539957946421
2025-11-30,0.7463641953176671,0.7524130419921587,305174.076965,3.4847065099385968,SOL,1.5975025168209407,0.6863194761883927
2025-12-01,0.8466510972447,0.872842899118811,352191.56737,7.02900548649963,SOL,1.8121545315312952,0.7920591894280374
2025-12-02,0.81100147949995,0.8176983335511255,368451.8091918919,5.92550366028594,SOL,1.73585082560834,0.8286275662734185
2025-12-03,0.7471470946864378,0.7625780278383909,376595.1398990741,6.047077711637556,SOL,1.5991782184688426,0.846941462790989
2025-12-04,0.7368851355797292,0.7465245113693203,380598.76736880734,5.567234188537014,SOL,1.5772137330295282,0.8559453976441972
2025-12-05,0.7655707576195139,0.7844046492729458,354620.35395458713,5.4150822401817305,SOL,1.6386118462999886,0.7975213949767034
2025-12-06,0.7668237802600366,0.7721331168876212,303435.5599655496,3.6258754267099707,SOL,1.64129379009422,0.6824096484327925
2025-12-07,0.7747172982825364,0.7958571057911754,317225.7451926522,4.089199961091725,SOL,1.6581889131274836,0.7134230057786441
2025-12-08,0.7818493685455967,0.7942451515216842,385009.8276962552,6.357558028755896,SOL,1.673454249094643,0.8658656262674056
2025-12-09,0.7825097347766581,0.7987065404947084,359567.5055742857,6.403848371853327,SOL,1.6748676833439842,0.8086472630124916
2025-12-10,0.7703823557843001,0.7973888314306252,364065.38050536555,6.386923961760967,SOL,1.648910491688391,0.8187627328366657
2025-12-11,0.7982782781552757,0.8148178699276154,370246.88801018335,6.827611870651912,SOL,1.708618348089123,0.832664598404519
2025-12-12,0.7668497252354523,0.7848003314590637,355090.7642134029,5.521926916963421,SOL,1.6413493221840298,0.7985793214088397
2025-12-13,0.7608388135076645,0.7659741355477757,268937.8877453872,2.9941559937033695,SOL,1.6284836908022318,0.6048263079232507
2025-12-14,0.7757560424845917,0.7848683717569709,309453.917213968,3.556487221563528,SOL,1.660412219775266,0.6959445981746831
2025-12-15,0.803693077067583,0.8278727987550228,379672.4970381818,5.873142521310442,SOL,1.7202080719059367,0.8538622673388775
2025-10-03,0.36552338303928616,0.386597868568406,65534.386731381295,5.265177996361697,XRP,0.9907922021045619,0.8434746776263599
2025-10-04,0.3495353470313519,0.3573237272850805,66486.50535915763,3.2977600226536956,XRP,0.9474548339944465,0.8557291289561246
2025-10-05,0.36293112560470137,0.3786019298728316,72425.64103070475,4.606752667047321,XRP,0.9837655970466902,0.9321700753934643
2025-10-06,0.3629488544636843,0.37679713966342476,75693.586787988,4.628849186854784,XRP,0.9838136531110833,0.9742308870010138
2025-10-07,0.374335643844149,0.3971269429459914,76422.62706642202,4.650209522914555,XRP,1.0146788252140644,0.9836141595774291
2025-10-08,0.37735339002122426,0.3907953801757512,90615.83504709596,4.45006702766823,XRP,1.0228587653188965,1.1662909514585102
2025-10-09,0.3903571179639068,0.4053471258923796,104116.39365872896,4.600016193689651,XRP,1.0581068310835822,1.3400528479327785
2025-10-10,0.4056587503741277,2.8777449340340273,112534.84321623668,5.425399171558271,XRP,1.0995836251137134,1.448404346753357
2025-10-11,0.6703166633286457,0.7818868277002118,62987.111221851854,13.804574105357068,XRP,1.8169686367106899,0.81068941028217
2025-10-12,0.6297285100904528,0.7022918612342813,59357.48128181818,11.310832384126531,XRP,1.7069498866327932,0.7639734631852411
2025-10-13,0.572419594152636,0.6164888872664123,65224.80576454546,10.736301994100176,XRP,1.5516076304134367,0.8394901479889433
2025-10-14,0.5563114354108323,0.6345043180995164,68444.72153458232,9.71296423749469,XRP,1.507944656135465,0.8809327791262138
2025-10-15,0.5010425688055011,0.5410333793880948,45458.907681363635,7.565954303732511,XRP,1.358132182863861,0.5850888276249605
2025-10-16,0.49967367072737867,0.5531556238186642,50634.91204,6.483107972490982,XRP,1.354421630805598,0.6517077253601071
2025-10-23,0.44816101937381747,0.46914598351600056,59425.62795454546,4.379521252327958,XRP,1.214790801044554,0.7648505598619149
2025-10-24,0.4463749816132162,0.48102556716249034,57144.66530355037,4.9177908839545275,XRP,1.209949545004642,0.7354929304907596
2025-10-25,0.4280631799387256,0.4493822878038961,46071.85730900901,5.126665038476225,XRP,1.1603133489432247,0.5929779300544764
2025-10-26,0.4201555023342758,0.4432142024487362,52914.93146698522,4.740787535673007,XRP,1.1388787002427785,0.6810532147600604
2025-10-27,0.4388000101456939,0.4652854193354727,57812.26120000001,6.209967556432941,XRP,1.1894167336731738,0.7440853696914288
2025-10-28,0.4416342819206883,0.4790843771193875,62404.59864727272,6.268419084129752,XRP,1.1970993457948933,0.8031920546104009
2025-10-29,0.43385084140564034,0.5069561323941739,60585.02883287879,5.699787372722619,XRP,1.1760014556852874,0.7797728827959852
2025-10-30,0.4940561939322664,0.5490278854388578,58851.875154090914,7.857370163924029,XRP,1.3391948287394158,0.7574659487815631
2025-10-31,0.4539316708504896,0.47614047782195956,65444.32369,6.114791486092073,XRP,1.2304328002967206,0.8423155015268486
2025-11-01,0.4145768642822205,0.4239390080446802,60856.76269074074,3.222382840383332,XRP,1.1237571749538038,0.7832702929281612
2025-11-02,0.42078675940151133,0.4358436431495888,57637.23805,3.793047365929132,XRP,1.1405897934553109,0.7418326959061607
2025-11-03,0.5138959954268243,0.5801642026027125,54929.816536363636,8.079123947357186,XRP,1.3929728400082533,0.70698623434128
2025-11-04,0.671375945741272,0.7843562740647734,47468.39250722685,12.859388587958717,XRP,1.8198399407173718,0.6109523421892679
2025-11-05,0.5842243753298576,0.6358746118746278,44197.82608672566,9.918891007535212,XRP,1.5836058162495663,0.5688578007617999
2025-11-06,0.5402931354643881,0.5692682885878291,54682.796028181816,9.044903331778418,XRP,1.4645252542193827,0.7038069027888267
2025-11-07,0.5506871496463,0.6031943794496046,56325.80239187755,9.528832328726129,XRP,1.4926993975925733,0.7249535760404848
2025-11-08,0.4886957793791332,0.5046242868161305,53909.952778761064,6.866097313190202,XRP,1.3246648227651567,0.6938598544806943
2025-11-09,0.48105861855992477,0.5019314113319242,54519.769687272725,6.380303818973494,XRP,1.3039634402079787,0.7017086365624785
2025-11-10,0.520947258671449,0.563183011965346,45996.47857763713,9.950677458820039,XRP,1.4120860813545937,0.5920077515830674
2025-11-11,0.4858554261476277,0.5102842159468339,47620.35398063062,8.177152950215643,XRP,1.3169657261722154,0.6129081956149856
2025-11-12,0.47231564239283663,0.5197479438198548,48735.93836697248,6.666199982173353,XRP,1.2802646208943975,0.6272665687922859
2025-11-13,0.5421019846493076,0.6089236254450647,44931.78264810745,10.453108276834385,XRP,1.4694283431881365,0.5783043494346483
2025-11-14,0.5887199925491063,0.6529596115165961,47874.6279380531,11.505390097658582,XRP,1.5957916918765707,0.6161808842745256
2025-11-15,0.4905557787696876,0.5012273867661977,52043.23608456376,6.604871916621579,XRP,1.3297065601138245,0.6698338684237615
2025-11-16,0.5176003556164998,0.5667828222927065,50379.24616548673,7.904600148286871,XRP,1.4030139245462638,0.6484171217267953
2025-11-17,0.4902744172267718,0.5279841927099335,51159.91588878504,6.524343523854419,XRP,1.3289438980362984,0.6584649023811062
2025-11-26,0.5045056278304949,0.520582703015293,50820.36298663961,6.602853093825183,XRP,1.3675191934809707,0.6540946123858987
2025-11-27,0.48476624823975145,0.49126964959019437,50935.81926079443,5.155176029219948,XRP,1.3140133870664232,0.6555806176493927
2025-11-28,0.49708738031012656,0.5247611928163946,50041.6774059633,6.087398335200966,XRP,1.3474112000186962,0.644072369073767
2025-11-29,0.47911158939837245,0.48694261396647,40508.525769724765,4.584704883272197,XRP,1.2986857988858396,0.5213738530092371
2025-11-30,0.47580073416396174,0.4817392635018086,43537.09130825689,3.9532182857285383,XRP,1.2897113537456264,0.5603536690828107
2025-12-01,0.5718565869047273,0.6169315550754558,41329.63023944954,9.170627222664148,XRP,1.5500815360051445,0.5319420579233608
2025-12-02,0.5433629002024056,0.5694053948701513,41398.799031317765,7.309469031841603,XRP,1.4728461964787634,0.5328323100083004
2025-12-03,0.5055895078066586,0.5261059274887248,45428.54138868077,6.243063154604135,XRP,1.370457171947549,0.5846979916042258
2025-12-04,0.5111965473995033,0.5264472068705367,45428.9318205588,6.058229271503326,XRP,1.385655682804199,0.5847030167432234
2025-12-05,0.5251912479571856,0.5464627041376506,46735.58362404087,5.725653776626293,XRP,1.4235898911934055,0.6015205649600007
2025-12-06,0.5103489525113709,0.5161099411955695,45159.31657675085,3.7889663480797466,XRP,1.3833581816191245,0.5812328746972436
2025-12-07,0.5184100224470385,0.5494357008552411,47041.06945045454,4.913191957054789,XRP,1.4052086174694092,0.6054523871957052
2025-12-08,0.5242666257837045,0.5426845547295555,47040.13609809718,6.278910680881805,XRP,1.4210835988961503,0.6054403742797689
2025-12-09,0.5202869118106648,0.5504141499927867,51956.661333636366,6.158940878939666,XRP,1.4102961369879459,0.6687195891305351
2025-12-10,0.5200360682181135,0.5621405870854553,43226.26703799469,5.852906251344494,XRP,1.409616197244061,0.5563531372363394
2025-12-11,0.5381029328392795,0.5580902422108469,44192.03489955752,6.226764145903079,XRP,1.4585884638998607,0.568783264018979
2025-12-12,0.5157758348982742,0.5430002528629143,46187.03655468307,4.507017846315103,XRP,1.3980683561255374,0.5944603697622346
2025-12-13,0.5042564437538777,0.5098968821492862,45703.74051100918,3.091511053959272,XRP,1.366843752041498,0.588240002181672
2025-12-14,0.5128303032445092,0.5263805641559453,48629.27028076314,3.554694555727817,XRP,1.3900841616005901,0.6258936738265144
2025-12-15,0.5449957956291405,0.5758836707254795,53578.03402692863,5.46378821582343,XRP,1.477272343014749,0.6895878214891055
2025-10-03,0.5772446428921995,0.6191913823078161,26158.173551863634,6.3827632851914435,DOGE,1.0264072608161237,0.9297339223433989
2025-10-04,0.48446079097688194,0.5035026961392481,22202.93710784529,4.5187578278842615,DOGE,0.8614269176201887,0.7891538667213296
2025-10-05,0.5254583780222831,0.5643177810816283,30090.00502627928,5.742076269138007,DOGE,0.9343253351932026,1.0694821005353448
2025-10-06,0.576731514128312,0.6291071807404973,31013.189846926605,7.1059781709211,DOGE,1.0254948589506878,1.102294645442066
2025-10-07,0.6015019954609377,0.6554694968272474,28509.63929172138,7.181149363890052,DOGE,1.0695396191867137,1.0133115261558145
2025-10-08,0.6040173601960545,0.6262760164741638,30691.974197990327,7.163104575366603,DOGE,1.074012226528358,1.0908777518041561
2025-10-09,0.5903623763299048,0.6172696349813561,28412.32428335071,7.0352027389820195,DOGE,1.0497320971947708,1.0098526812844033
2025-10-10,0.6664755824712402,2.9512893165677894,30567.540435328283,8.403006594309321,DOGE,1.1850701178926095,1.086455031310986
2025-10-11,0.9980323455715505,1.1183807532376144,28392.43303722622,14.775649415342553,DOGE,1.7746161157796845,1.0091456913165084
2025-10-12,0.9547907744795348,1.060626330836337,27374.733275181818,11.515588976262418,DOGE,1.6977276368921805,0.9729738236722526
2025-10-13,0.8966132319234148,0.9699257432710676,28128.434632592594,11.285878517499304,DOGE,1.5942812856244528,0.9997624569807559
2025-10-14,0.9486235529789924,1.0234980372851874,26765.429258035787,11.612333553176935,DOGE,1.6867616088741428,0.9513174716858422
2025-10-15,0.8417962268874768,0.8909178848807242,26587.84958210074,9.057864918724597,DOGE,1.4968103559625068,0.9450057982691866
2025-10-16,0.7554768482134154,0.8314927065742332,36411.598413027525,8.29980553719435,DOGE,1.343324588513403,1.294169034554972
2025-10-23,0.6377652735338409,0.6909452897126275,23618.858925134795,5.215339453455986,DOGE,1.1340198917597637,0.8394796489213019
2025-10-24,0.6066084269684742,0.6562983947823002,22664.038892172102,4.560034422882715,DOGE,1.078619440785291,0.8055427009681749
2025-10-25,0.5586757593301972,0.5732398254898493,18627.135522454544,3.209363752658748,DOGE,0.9933896535538114,0.6620599766637714
2025-10-26,0.5822820586411179,0.6406829486243257,18152.110175434253,3.9886770106226104,DOGE,1.0353643644707087,0.6451762604432157
2025-10-27,0.6362793089496785,0.6704849119873275,23251.45377298683,5.786255991343324,DOGE,1.1313776760938754,0.8264210524364046
2025-10-28,0.6623134810456541,0.7379712829844466,20880.130125419044,6.216918097121244,DOGE,1.1776694236183927,0.7421376435956608
2025-10-29,0.6386500308014118,0.7705709870658615,25652.941203833332,5.534195339481161,DOGE,1.1355930917793335,0.9117765656610738
2025-10-30,0.8501149011735641,0.9263484739413901,23704.556769374896,9.216513092665448,DOGE,1.5116019140873673,0.8425255876105513
2025-10-31,0.6406806245917313,0.671618144714985,24599.798578495574,6.17449905818986,DOGE,1.1392037207142498,0.8743449605109299
2025-11-01,0.5760983155179571,0.5924587932291141,16846.11542860101,3.6698806319522763,DOGE,1.024368959110456,0.5987575907250986
2025-11-02,0.5959675301119827,0.617995223334007,18655.872957456137,4.353930554335144,DOGE,1.0596987042664108,0.6630813846802427
2025-11-03,0.8226483521532755,0.9194442198164202,25493.436770863635,10.310201558064529,DOGE,1.4627632359097145,0.9061073364313629
2025-11-04,1.0001871078140316,1.1104289903074227,30835.35072653182,14.078156885107457,DOGE,1.7784475304809693,1.0959737506508862
2025-11-05,0.7843368517023734,0.8467293316390123,28647.51735818182,9.402000856364538,DOGE,1.3946409887485405,1.018212094434453
2025-11-06,0.7699227539799361,0.8123394040013475,23825.77196972222,8.965652996765808,DOGE,1.3690110678084415,0.846833911486571
2025-11-07,0.8361844079357437,0.9191223361079235,23776.31164847761,10.258107149316228,DOGE,1.4868318974538495,0.8450759547095069
2025-11-08,0.7264131096273181,0.7678473911541778,21707.639995904763,8.842977374924184,DOGE,1.2916459238803852,0.7715496358411879
2025-11-09,0.710920746727848,0.740550295359864,21316.62764266055,7.398139149524165,DOGE,1.2640987236369279,0.7576519740588895
2025-11-10,0.7149389625010268,0.7536213846765872,28808.482520818183,8.442018351192194,DOGE,1.271243572698588,1.0239332420414078
2025-11-11,0.7504619498316105,0.7807486817596552,24974.855764445587,9.011601241889164,DOGE,1.3344075233232444,0.8876755314663144
2025-11-12,0.671386654033402,0.7207478737171739,28022.634030909092,6.854391801314561,DOGE,1.193802567074874,0.9960020106256439
2025-11-13,0.7549566093174311,0.8185538855440325,26642.717076696696,8.657416278593772,DOGE,1.3423995440166332,0.9469559409601017
2025-11-14,0.8726437883144359,0.9335551879154659,29217.444393751284,11.052933966121714,DOGE,1.5516608624452757,1.0384688794572665
2025-11-15,0.6970869028311433,0.7244600651740627,21366.81671398148,6.153685475956774,DOGE,1.2395005606302836,0.7594358326316397
2025-11-16,0.761465945970057,0.8372334701549268,22236.206521541793,7.522461544842715,DOGE,1.3539738920606037,0.7903363538100702
2025-11-17,0.7479786971768583,0.7749829218827864,21198.96194047619,6.609419531237184,DOGE,1.3299920149479598,0.7534698091764579
2025-11-26,0.8192532987512479,0.8589419519833323,17981.092461467888,6.419773882773035,DOGE,1.4567264411025076,0.6390978173255837
2025-11-27,0.7594426077065726,0.7794711725960689,16811.339852614678,4.8756854537804815,DOGE,1.3503761642855616,0.5975215704578801
2025-11-28,0.837844190074494,0.8982928122973612,16482.681611365304,5.6677661335524485,DOGE,1.4897831806914912,0.5858401464799627
2025-11-29,0.7935627546074647,0.8199675395318231,14846.241308165138,3.5004985459595943,DOGE,1.4110457035362336,0.527676526655416
2025-11-30,0.8005988619425075,0.8311359144825343,13857.917398521044,3.687953281187641,DOGE,1.4235567103433044,0.49254875814981625
2025-12-01,1.0124418999072462,1.1056530924572643,24255.398699449543,6.914049235343803,DOGE,1.8002379580564338,0.8621040351357235
2025-12-02,0.9342131592109015,0.9955185402040878,24838.118345714778,5.509781769706407,DOGE,1.6611382739902016,0.8828155049665419
2025-12-03,0.9258898720121878,0.9732961964804634,19017.929000383505,5.66577607145564,DOGE,1.6463385135769844,0.6759498590112806
2025-12-04,0.8749048556480421,0.9360608676631036,20582.513116605507,4.999279967123404,DOGE,1.5556812998057328,0.7315595109744478
2025-12-05,0.9073650988010744,0.9824203491313469,19079.038340779814,4.871852925936956,DOGE,1.6133993395838018,0.6781218541861666
2025-12-06,0.8240175820569711,0.8527507652575826,14459.642244146133,3.277888837954005,DOGE,1.4651978839089377,0.5139357253929719
2025-12-07,0.8633494379083145,0.9499311795317567,19562.584172201474,4.1244640194882916,DOGE,1.5351344401408353,0.6953084120163263
2025-12-08,0.9196644638319074,0.9743057281406717,20954.77053742465,5.535436368517029,DOGE,1.6352690229607205,0.7447905705242825
2025-12-09,0.9610722015636951,1.046668725512069,17152.972689221435,5.605627225156303,DOGE,1.7088967355522668,0.6096641474826079
2025-12-10,0.9996380650203522,1.0641383035030552,15541.739502463304,6.231810279739336,DOGE,1.7774712693465085,0.5523964583771594
2025-12-11,1.04116158145753,1.0731364343886114,19712.41577562043,6.177691325736544,DOGE,1.8513048497712576,0.7006338420988781
2025-12-12,0.8902354303420544,0.9489552155841827,18949.27365535249,4.484875775059798,DOGE,1.582940822041536,0.6735096579361187
2025-12-13,0.7992941490694104,0.8289702458839118,16388.60607161111,2.7053976170384257,DOGE,1.4212367810330602,0.582496441293558
2025-12-14,0.8409749332005811,0.8768863352158756,17995.78864059091,3.5106316691023025,DOGE,1.495350001476983,0.6396201602266436
2025-12-15,0.9301064550652229,1.0078733034816447,20453.98007156126,5.52195690275911,DOGE,1.653836082441002,0.7269910906341364
